Workbook

Sheet Thaat
A1: Bilawal | B1: 1 | C1: Bilawal | D1: Bright, joyful, natural notes (shuddha swaras) | E1: S R G M P D N Ṡ | F1: Ṡ N D P M G R S | G1: =_xlfn.CONCAT("UPDATE Thhat SET ThaatName=N'", C1,"', ThaatDesc=N'",D1,"',Aroh=N'",E1,"', Avroh=N'",F1,"' WHERE ID=",B1) -> UPDATE Thhat SET ThaatName=N'Bilawal', ThaatDesc=N'Bright, joyful, natural notes (shuddha swaras)',Aroh=N'S R G M P D N Ṡ', Avroh=N'Ṡ N D P M G R S' WHERE ID=1
A2: Kalyan | B2: 2 | C2: Kalyan | D2: Serene, devotional, with brilliance (teevra Ma) | E2: S R G Ḿ P D N Ṡ | F2: Ṡ N D P Ḿ G R S | G2: =_xlfn.CONCAT("UPDATE Thhat SET ThaatName=N'", C2,"', ThaatDesc=N'",D2,"',Aroh=N'",E2,"', Avroh=N'",F2,"' WHERE ID=",B2) -> UPDATE Thhat SET ThaatName=N'Kalyan', ThaatDesc=N'Serene, devotional, with brilliance (teevra Ma)',Aroh=N'S R G Ḿ P D N Ṡ', Avroh=N'Ṡ N D P Ḿ G R S' WHERE ID=2
A3: Khamaj | B3: 3 | C3: Khamaj | D3: Romantic, sensuous (komal Ni) | E3: S R G M P D n Ṡ | F3: Ṡ n D P M G R S | G3: =_xlfn.CONCAT("UPDATE Thhat SET ThaatName=N'", C3,"', ThaatDesc=N'",D3,"',Aroh=N'",E3,"', Avroh=N'",F3,"' WHERE ID=",B3) -> UPDATE Thhat SET ThaatName=N'Khamaj', ThaatDesc=N'Romantic, sensuous (komal Ni)',Aroh=N'S R G M P D n Ṡ', Avroh=N'Ṡ n D P M G R S' WHERE ID=3
A4: Kafi | B4: 4 | C4: Kafi | D4: Folk-like, soulful (komal Ga, Ni) | E4: S R g M P D n Ṡ | F4: Ṡ n D P M g R S | G4: =_xlfn.CONCAT("UPDATE Thhat SET ThaatName=N'", C4,"', ThaatDesc=N'",D4,"',Aroh=N'",E4,"', Avroh=N'",F4,"' WHERE ID=",B4) -> UPDATE Thhat SET ThaatName=N'Kafi', ThaatDesc=N'Folk-like, soulful (komal Ga, Ni)',Aroh=N'S R g M P D n Ṡ', Avroh=N'Ṡ n D P M g R S' WHERE ID=4
A5: Asavari | B5: 5 | C5: Asavari | D5: Emotional, serious (komal Ga, Dha, Ni) | E5: S R g M P d n Ṡ | F5: Ṡ n d P M g R S | G5: =_xlfn.CONCAT("UPDATE Thhat SET ThaatName=N'", C5,"', ThaatDesc=N'",D5,"',Aroh=N'",E5,"', Avroh=N'",F5,"' WHERE ID=",B5) -> UPDATE Thhat SET ThaatName=N'Asavari', ThaatDesc=N'Emotional, serious (komal Ga, Dha, Ni)',Aroh=N'S R g M P d n Ṡ', Avroh=N'Ṡ n d P M g R S' WHERE ID=5
A6: Bhairav | B6: 6 | C6: Bhairav | D6: Austere, meditative (komal Re, Dha) | E6: S r G M P d N Ṡ | F6: Ṡ N d P M G r S | G6: =_xlfn.CONCAT("UPDATE Thhat SET ThaatName=N'", C6,"', ThaatDesc=N'",D6,"',Aroh=N'",E6,"', Avroh=N'",F6,"' WHERE ID=",B6) -> UPDATE Thhat SET ThaatName=N'Bhairav', ThaatDesc=N'Austere, meditative (komal Re, Dha)',Aroh=N'S r G M P d N Ṡ', Avroh=N'Ṡ N d P M G r S' WHERE ID=6
A7: Bhairavi | B7: 7 | C7: Bhairavi | D7: Devotional, pathos-filled (4 komal swaras) | E7: S r g M P d n Ṡ | F7: Ṡ n d P M g r S | G7: =_xlfn.CONCAT("UPDATE Thhat SET ThaatName=N'", C7,"', ThaatDesc=N'",D7,"',Aroh=N'",E7,"', Avroh=N'",F7,"' WHERE ID=",B7) -> UPDATE Thhat SET ThaatName=N'Bhairavi', ThaatDesc=N'Devotional, pathos-filled (4 komal swaras)',Aroh=N'S r g M P d n Ṡ', Avroh=N'Ṡ n d P M g r S' WHERE ID=7
A8: Marwa | B8: 8 | C8: Marwa | D8: Intense, serious (komal Re, teevra Ma) | E8: S r G Ḿ P D N Ṡ | F8: Ṡ N D P Ḿ G r S | G8: =_xlfn.CONCAT("UPDATE Thhat SET ThaatName=N'", C8,"', ThaatDesc=N'",D8,"',Aroh=N'",E8,"', Avroh=N'",F8,"' WHERE ID=",B8) -> UPDATE Thhat SET ThaatName=N'Marwa', ThaatDesc=N'Intense, serious (komal Re, teevra Ma)',Aroh=N'S r G Ḿ P D N Ṡ', Avroh=N'Ṡ N D P Ḿ G r S' WHERE ID=8
A9: Poorvi | B9: 9 | C9: Poorvi | D9: Mysterious, grave (komal Re, Dha + teevra Ma) | E9: S r G Ḿ P d N Ṡ | F9: Ṡ N d P Ḿ G r S | G9: =_xlfn.CONCAT("UPDATE Thhat SET ThaatName=N'", C9,"', ThaatDesc=N'",D9,"',Aroh=N'",E9,"', Avroh=N'",F9,"' WHERE ID=",B9) -> UPDATE Thhat SET ThaatName=N'Poorvi', ThaatDesc=N'Mysterious, grave (komal Re, Dha + teevra Ma)',Aroh=N'S r G Ḿ P d N Ṡ', Avroh=N'Ṡ N d P Ḿ G r S' WHERE ID=9
A10: Todi | B10: 10 | C10: Todi | D10: Complex, poignant (komal Re, Ga, Dha + teevra Ma) | E10: S r g Ḿ P d N Ṡ | F10: Ṡ N d P Ḿ g r S | G10: =_xlfn.CONCAT("UPDATE Thhat SET ThaatName=N'", C10,"', ThaatDesc=N'",D10,"',Aroh=N'",E10,"', Avroh=N'",F10,"' WHERE ID=",B10) -> UPDATE Thhat SET ThaatName=N'Todi', ThaatDesc=N'Complex, poignant (komal Re, Ga, Dha + teevra Ma)',Aroh=N'S r g Ḿ P d N Ṡ', Avroh=N'Ṡ N d P Ḿ g r S' WHERE ID=10
E14: 1 | F14: Bilawal | G14: Considered the basic thaat, all shuddha (natural) notes. | H14: 1 | I14: 1 | J14: NULL | K14: NULL
E15: 2 | F15: Kalyan | G15: Lydian mode; Tivra Ma. | H15: 1 | I15: 1 | J15: NULL | K15: NULL
D16: P̣ ḍ Ḍ ṇ Ṇ S r R g G M Ḿ P d D n N Ṡ ṙ Ṙ ġ Ġ ṁ Ṁ Ṗ | E16: 3 | F16: Khamaj | G16: Like Mixolydian mode; Komal Ni. | H16: 1 | I16: 1 | J16: NULL | K16: NULL
E17: 4 | F17: Kafi | G17: Similar to Dorian mode; Komal Ga and Ni. | H17: 1 | I17: 1 | J17: NULL | K17: NULL
E18: 5 | F18: Marwa | G18: Komal Re and Tivra Ma – creates tension. | H18: 1 | I18: 1 | J18: NULL | K18: NULL
B19: Kafi | C19: =VLOOKUP(B19,A1:B10,2,FALSE) -> 4 | E19: 6 | F19: Bhairav | G19: Komal Re and Komal Dha with strong Bhakti (devotional) mood. | H19: 1 | I19: 1 | J19: NULL | K19: NULL
E20: 7 | F20: Asavari | G20: Komal Ga, Dha, and Ni. | H20: 1 | I20: 1 | J20: NULL | K20: NULL
E21: 8 | F21: Bhairavi | G21: Komal Re, Ga, Dha, Ni – very expressive and used widely. | H21: 1 | I21: 1 | J21: NULL | K21: NULL
E22: 9 | F22: Poorvi | G22: Komal Re, Dha and Tivra Ma – serious and intense. | H22: 1 | I22: 1 | J22: NULL | K22: NULL
E23: 10 | F23: Todi | G23: Komal Re, Ga, Dha and Tivra Ma – very emotional and deep. | H23: 1 | I23: 1 | J23: NULL | K23: NULL

Sheet Sheet1
A1: INSERT INTO Raaga ( | B1: ID | C1: RaagaName | D1: Jati | E1: RaagaTime | F1: Mood | G1: Aroh | H1: Avroh | I1: Pakad | J1: Vadi | K1: Samvadi | L1: NyasaSwara | M1: RaagaDesc | N1: ThaatID | O1: Thaat
B2: 1 | C2: Yaman | D2: Shaadav-Sampoorna | E2: 1st prahar of the evening (7 pm - 10 pm) | F2: Happy, Romantic, Devotional | G2: Ṇ R G Ḿ D N Ṡ | H2: Ṡ N D P Ḿ G R S | I2: Ṇ R Ṇ G, Ḿ G R, Ṇ R S | J2: G | K2: N | L2: S G P N | M2: Raag Yaman is a serene and majestic evening raga known for its romantic and devotional mood. It prominently uses Tivra Ma (sharp Ma), giving it a bright and uplifting character. Sadaj and Pancham are not being used during Aroh and it starts with Nishad instead of Sadaj
A3: =_xlfn.CONCAT("(N'",C3,"',N'", TRIM(D3),"',N'", E3, "',N'", F3,"',N'",TRIM(G3),"',N'",TRIM(H3),"',N'", TRIM(I3), "',N'", J3, "',N'", K3, "',N'", L3, "',N'", M3,"',",N3,"),") -> (N'Jog',N'Audav–Shadav',N'Late night (2nd prahar of night)',N'Romantic, Mysterious',N'S G M P n Ṡ',N'Ṡ n P M G M g S, S',N'G M P, n P, M G M g S',N'M',N'S',N'M S n',N'Jog is special because it uses both shuddha and komal Ga, giving it a unique and haunting sweetness.',4), | C3: Jog | D3: Audav–Shadav | E3: Late night (2nd prahar of night) | F3: Romantic, Mysterious | G3: S G M P n Ṡ | H3: Ṡ n P M G M g S, S | I3: G M P, n P, M G M g S | J3: M | K3: S | L3: M S n | M3: Jog is special because it uses both shuddha and komal Ga, giving it a unique and haunting sweetness. | N3: =VLOOKUP(O3,Thaat!$A$1:$B$10,2,FALSE) -> 4 | O3: Kafi
C4: Bhupali | D4: Audav–Audav | E4: Evening (1st prahar of night, 6–9 pm) | F4: Peaceful, Devotional | G4: S R G P D Ṡ | H4: Ṡ D P G R S | I4: G R, G P, D P, G R S | J4: G | K4: D | L4: G D S | M4: Raag Bhupali is a serene pentatonic raga of the Kalyan thaat, evoking devotion and peace with its simple yet majestic structure. It omits Ma and Ni, and rests mainly on Ga, Dha, and Sa, giving it a prayerful and meditative character. | N4: =VLOOKUP(O4,Thaat!$A$1:$B$10,2,FALSE) -> 1 | O4: Bilawal
C5: Bhimpalasi | D5: Audav–Sampurna | E5: Afternoon (2nd prahar, around 12–3 pm) | F5: Romantic, Devotional, Viraha | G5: ṇ S g M P n Ṡ | H5: Ṡ n D P M g R S | I5: ṇ S, g M P, n Ṡ; P M g R S | J5: M | K5: S | L5: M S n | M5: Raag Bhimpalasi is a soulful afternoon raga of Kafi thaat, filled with devotion and longing. Its essence lies in the plaintive use of komal Ga and Ni, with repose on Ma and Sa. | N5: =VLOOKUP(O5,Thaat!$A$1:$B$10,2,FALSE) -> 4 | O5: Kafi
C6: Shivaranjani | D6: Audav–Audav | E6: 2nd Prahar of the Night (9PM to 12AM) or Midnight | F6: Sad, Devotional, Romantic | G6: S R g P D Ṡ | H6: Ṡ D P g R S; R, Ḍ S | I6: R g P ; D P g R ; g S R D S ; | J6: P | K6: S | L6: P S | M6: Raag Shivranjani is a very melodious and straightforward Raag. This Raag is similar to Raag Bhoopali but has Gandhar Komal instead of Shuddha Gandhar. It can be expanded freely in all the three octaves. | N6: =VLOOKUP(O6,Thaat!$A$1:$B$10,2,FALSE) -> 4 | O6: Kafi
C7: Hansdhwani | D7: Audhav - Audhav | E7: 2nd Prahar of the Night (9PM to 12AM) | G7: S R G P N Ṡ | H7: Ṡ N P G R S Ṇ, P Ṇ R S | I7: Ṇ RG P G R G P N Ṡ; Ṡ N P G R G P G R S; | J7: S | K7: P | L7: G P N - S' N P G; | M7: Madhyam and Dhaivat Varjya. Rest all Shuddha Swaras. | N7: =VLOOKUP(O7,Thaat!$A$1:$B$10,2,FALSE) -> 1 | O7: Bilawal
C8: Pilu | D8: Audhav - Sampurna | E8: 3rd Prahar of the Day (12PM to 3PM) | F8: Devotional, Piety | G8: S G M P N Ṡ | H8: Ṡ n D P M g R S ; ,N S g R S ; | I8: G M P N Ṡ ; n D P ; M P N d P ; M g R S ; P g R S ,N ; S g R S ; | J8: G | K8: N | L8: S; G; P; N; - n; P; g; | M8: Rishabh and Dhaivat Varjya in Aaroh. Both Gandhars, Both Dhaivats, Both Nishads. Rest all Shuddha Swaras. In this Raag Komal Nishad is used with Shuddha Dhaivat and Shuddha Nishad is used with Komal Dhaivat. This Raag is expandable in Mandra and Madhya Octaves. | N8: =VLOOKUP(O8,Thaat!$A$1:$B$10,2,FALSE) -> 4 | O8: Kafi
C9: Durga | D9: Audhav - Audhav | E9: 2nd Prahar of the Night (9PM to 12AM) | F9: Cheerful, Devotional | G9: S R M P D Ṡ | H9: Ṡ D P D M R S Ḍ S | I9: M P D ; M R Ḍ S ; R R P; | J9: M | K9: S | L9: M P D ; M R ,D S ; R R P; | M9: Gandhar and Nishad Varjya. Rest all Shuddha Swaras. | N9: =VLOOKUP(O9,Thaat!$A$1:$B$10,2,FALSE) -> 1 | O9: Bilawal
N10: =VLOOKUP(O10,Thaat!$A$1:$B$10,2,FALSE) -> #N/A
N11: =VLOOKUP(O11,Thaat!$A$1:$B$10,2,FALSE) -> #N/A
N12: =VLOOKUP(O12,Thaat!$A$1:$B$10,2,FALSE) -> #N/A
N13: =VLOOKUP(O13,Thaat!$A$1:$B$10,2,FALSE) -> #N/A
N14: =VLOOKUP(O14,Thaat!$A$1:$B$10,2,FALSE) -> #N/A
N15: =VLOOKUP(O15,Thaat!$A$1:$B$10,2,FALSE) -> #N/A
N16: =VLOOKUP(O16,Thaat!$A$1:$B$10,2,FALSE) -> #N/A
N17: =VLOOKUP(O17,Thaat!$A$1:$B$10,2,FALSE) -> #N/A
N18: =VLOOKUP(O18,Thaat!$A$1:$B$10,2,FALSE) -> #N/A
